--
-- Script was generated by Devart dbForge Studio 2019 for SQL Server, Version 5.7.31.0
-- Product home page: http://www.devart.com/dbforge/sql/studio
-- Script date 09.08.2019 15:36:51
-- Server version: 14.00.2027
--


SET DATEFORMAT ymd
SET ARITHABORT, ANSI_PADDING, ANSI_WARNINGS, CONCAT_NULL_YIELDS_NULL, QUOTED_IDENTIFIER, ANSI_NULLS, NOCOUNT ON
SET NUMERIC_ROUNDABORT, IMPLICIT_TRANSACTIONS, XACT_ABORT OFF
GO
USE Blog
GO

IF DB_NAME() <> N'Blog' SET NOEXEC ON
-- 
-- Dumping data for table About
--
PRINT (N'Dumping data for table About')
-- Table Blog.dbo.About does not contain any data (it is empty)
-- 
-- Dumping data for table Category
--
PRINT (N'Dumping data for table Category')
SET IDENTITY_INSERT dbo.Category ON
GO
INSERT dbo.Category(Id, Name) VALUES (1, N'Учебное')
INSERT dbo.Category(Id, Name) VALUES (2, N'Варез')
INSERT dbo.Category(Id, Name) VALUES (5, N'Статьи')
GO
SET IDENTITY_INSERT dbo.Category OFF
GO
-- 
-- Dumping data for table FeedBack
--
PRINT (N'Dumping data for table FeedBack')
-- Table Blog.dbo.FeedBack does not contain any data (it is empty)
-- 
-- Dumping data for table Subscriber
--
PRINT (N'Dumping data for table Subscriber')
SET IDENTITY_INSERT dbo.Subscriber ON
GO
INSERT dbo.Subscriber(id, UserName, Email, Date) VALUES (2008, N'Taras@Director.com', N'Taras@Director.com', '2019-08-07 16:52:43.023')
GO
SET IDENTITY_INSERT dbo.Subscriber OFF
GO
-- 
-- Dumping data for table SubCategory
--
PRINT (N'Dumping data for table SubCategory')
SET IDENTITY_INSERT dbo.SubCategory ON
GO
INSERT dbo.SubCategory(Id, Name, CategoryID) VALUES (1, N'ASP.NET Core', 5)
INSERT dbo.SubCategory(Id, Name, CategoryID) VALUES (2, N'Angular', 5)
INSERT dbo.SubCategory(Id, Name, CategoryID) VALUES (3, N'Программы', 2)
INSERT dbo.SubCategory(Id, Name, CategoryID) VALUES (12, N'Скрипты', 2)
INSERT dbo.SubCategory(Id, Name, CategoryID) VALUES (13, N'Шаблоны', 2)
INSERT dbo.SubCategory(Id, Name, CategoryID) VALUES (14, N'Видео материалы', 1)
INSERT dbo.SubCategory(Id, Name, CategoryID) VALUES (19, N'Базы данных', 5)
INSERT dbo.SubCategory(Id, Name, CategoryID) VALUES (20, N'Книги', 1)
INSERT dbo.SubCategory(Id, Name, CategoryID) VALUES (23, N'Курсы', 1)
INSERT dbo.SubCategory(Id, Name, CategoryID) VALUES (25, N'Ссылки', 5)
INSERT dbo.SubCategory(Id, Name, CategoryID) VALUES (27, N'TypeScript', 5)
GO
SET IDENTITY_INSERT dbo.SubCategory OFF
GO
-- 
-- Dumping data for table Article
--
PRINT (N'Dumping data for table Article')
SET IDENTITY_INSERT dbo.Article ON
GO
INSERT dbo.Article(Id, Name, Description, SubCategoryID, ImageLink, Date, Raiting) VALUES (4025, N'What is Lorem Ipsum?', N'Lorem Ipsum is simply dummy text of the printing and typesetting industry. Lorem Ipsum has been the industry''s standard dummy text ever since the 1500s, when an unknown printer took a galley of type and scrambled it to make a type specimen book. It has survived not only five centuries, but also the leap into electronic typesetting, remaining essentially unchanged. It was popularised in the 1960s with the release of Letraset sheets containing Lorem Ipsum passages, and more recently with desktop publishing software like Aldus PageMaker including versions of Lorem Ipsum.', 1, N'/upload/blog_images/a246e410-eb76-4aa2-98ce-aeb4c6336f99MdTWrL2wFzMrxQ5nT9CM2MZYnJ1nMBIz.png', '2019-08-09 14:40:44.270', 5)
INSERT dbo.Article(Id, Name, Description, SubCategoryID, ImageLink, Date, Raiting) VALUES (4026, N'Why do we use it?', N'It is a long established fact that a reader will be distracted by the readable content of a page when looking at its layout. The point of using Lorem Ipsum is that it has a more-or-less normal distribution of letters, as opposed to using ''Content here, content here'', making it look like readable English. Many desktop publishing packages and web page editors now use Lorem Ipsum as their default model text, and a search for ''lorem ipsum'' will uncover many web sites still in their infancy. Various versions have evolved over the years, sometimes by accident, sometimes on purpose (injected humour and the like)', 2, N'/upload/blog_images/7109a9c0-2b9f-4bff-a085-0a8147b7eedcth_qLgFkHYd5UFmnqnGzGXJbpGe9wYJohmO.png', '2019-08-09 14:53:34.060', 4)
INSERT dbo.Article(Id, Name, Description, SubCategoryID, ImageLink, Date, Raiting) VALUES (4027, N'Where does it come from?', N'Contrary to popular belief, Lorem Ipsum is not simply random text. It has roots in a piece of classical Latin literature from 45 BC, making it over 2000 years old. Richard McClintock, a Latin professor at Hampden-Sydney College in Virginia, looked up one of the more obscure Latin words, consectetur, from a Lorem Ipsum passage, and going through the cites of the word in classical literature, discovered the undoubtable source. Lorem Ipsum comes from sections 1.10.32 and 1.10.33 of "de Finibus Bonorum et Malorum" (The Extremes of Good and Evil) by Cicero, written in 45 BC. This book is a treatise on the theory of ethics, very popular during the Renaissance. The first line of Lorem Ipsum, "Lorem ipsum dolor sit amet..", comes from a line in section', 3, N'/upload/blog_images/dabd4e8e-68f0-48b4-a30e-7ea65bcd16f5th_cHStzjp24iAWfmYspNR2B27eTOc8oC9B.png', '2019-08-09 15:09:34.127', 5)
INSERT dbo.Article(Id, Name, Description, SubCategoryID, ImageLink, Date, Raiting) VALUES (4028, N'Where can I get some?', N'There are many variations of passages of Lorem Ipsum available, but the majority have suffered alteration in some form, by injected humour, or randomised words which don''t look even slightly believable. If you are going to use a passage of Lorem Ipsum, you need to be sure there isn''t anything embarrassing hidden in the middle of text. All the Lorem Ipsum generators on the Internet tend to repeat predefined chunks as necessary, making this the first true generator on the Internet. It uses a dictionary of over 200 Latin words, combined with a handful of model sentence structures, to generate Lorem Ipsum which looks reasonable. The generated Lorem Ipsum is therefore always free from repetition, injected humour, or non-characteristic words etc', 12, N'/upload/blog_images/9beafed7-af11-49e9-bd3a-5dedd79b3264th_S9RzK6epPnV2ZwnZIdo5wOGT4rhmkbIc.png', '2019-08-09 15:10:23.223', 5)
INSERT dbo.Article(Id, Name, Description, SubCategoryID, ImageLink, Date, Raiting) VALUES (4029, N'What is Lorem Ipsum?', N'Lorem Ipsum is simply dummy text of the printing and typesetting industry. Lorem Ipsum has been the industry''s standard dummy text ever since the 1500s, when an unknown printer took a galley of type and scrambled it to make a type specimen book. It has survived not only five centuries, but also the leap into electronic typesetting, remaining essentially unchanged. It was popularised in the 1960s with the release of Letraset sheets containing Lorem Ipsum passages, and more recently with desktop publishing software like Aldus PageMaker including versions of Lorem Ipsum.', 12, N'/upload/blog_images/8cdbfcf2-bdb3-4047-b179-e05029feffb3th_XSOGSftcYi7AEPJjMkMYbdskPF0K9Rf6.png', '2019-08-09 15:11:08.507', 5)
INSERT dbo.Article(Id, Name, Description, SubCategoryID, ImageLink, Date, Raiting) VALUES (4030, N'Why do we use it?', N'It is a long established fact that a reader will be distracted by the readable content of a page when looking at its layout. The point of using Lorem Ipsum is that it has a more-or-less normal distribution of letters, as opposed to using ''Content here, content here'', making it look like readable English. Many desktop publishing packages and web page editors now use Lorem Ipsum as their default model text, and a search for ''lorem ipsum'' will uncover many web sites still in their infancy. Various versions have evolved over the years, sometimes by accident, sometimes on purpose (injected humour and the like)', 13, N'/upload/blog_images/865702eb-c7aa-4fff-8490-cf5799f1ea13th_z2t6eLzAX3VTcBBj7ojTkTWlUaiiludV.png', '2019-08-09 15:11:56.887', 5)
INSERT dbo.Article(Id, Name, Description, SubCategoryID, ImageLink, Date, Raiting) VALUES (4031, N'Where does it come from?', N'Contrary to popular belief, Lorem Ipsum is not simply random text. It has roots in a piece of classical Latin literature from 45 BC, making it over 2000 years old. Richard McClintock, a Latin professor at Hampden-Sydney College in Virginia, looked up one of the more obscure Latin words, consectetur, from a Lorem Ipsum passage, and going through the cites of the word in classical literature, discovered the undoubtable source. Lorem Ipsum comes from sections 1.10.32 and 1.10.33 of "de Finibus Bonorum et Malorum" (The Extremes of Good and Evil) by Cicero, written in 45 BC. This book is a treatise on the theory of ethics, very popular during the Renaissance. The first line of Lorem Ipsum, "Lorem ipsum dolor sit amet..", comes from a line', 14, N'/upload/blog_images/efa3f8a5-5817-4618-b830-e539829edcd1th_tNxkMH96TXtm3nOCovqCcpUgoNTIF3V8.png', '2019-08-09 15:14:49.943', 4)
INSERT dbo.Article(Id, Name, Description, SubCategoryID, ImageLink, Date, Raiting) VALUES (4032, N'Where can I get some?', N'There are many variations of passages of Lorem Ipsum available, but the majority have suffered alteration in some form, by injected humour, or randomised words which don''t look even slightly believable. If you are going to use a passage of Lorem Ipsum, you need to be sure there isn''t anything embarrassing hidden in the middle of text. All the Lorem Ipsum generators on the Internet tend to repeat predefined chunks as necessary, making this the first true generator on the Internet. It uses a dictionary of over 200 Latin words, combined with a handful of model sentence structures, to generate Lorem Ipsum which looks reasonable. The generated Lorem Ipsum is therefore always free from repetition, injected humour, or non-characteristic words etc', 19, N'/upload/blog_images/ea3f681d-2915-4f08-9759-509e5068d0eeth_1cOFkwwZpOUsDFy14woPvh7N19gp3D94.png', '2019-08-09 15:15:24.563', 5)
INSERT dbo.Article(Id, Name, Description, SubCategoryID, ImageLink, Date, Raiting) VALUES (4033, N'What is Lorem Ipsum?', N'Lorem Ipsum is simply dummy text of the printing and typesetting industry. Lorem Ipsum has been the industry''s standard dummy text ever since the 1500s, when an unknown printer took a galley of type and scrambled it to make a type specimen book. It has survived not only five centuries, but also the leap into electronic typesetting, remaining essentially unchanged. It was popularised in the 1960s with the release of Letraset sheets containing Lorem Ipsum passages, and more recently with desktop publishing software like Aldus PageMaker including versions of Lorem Ipsum', 19, N'/upload/blog_images/eafed9ee-0b39-4bab-92f6-211c0b448d18th_3DuoksBpnhLKH9rgPoZ0NGeXccGAu2px.png', '2019-08-09 15:16:56.207', 5)
INSERT dbo.Article(Id, Name, Description, SubCategoryID, ImageLink, Date, Raiting) VALUES (4034, N'Why do we use it?', N'It is a long established fact that a reader will be distracted by the readable content of a page when looking at its layout. The point of using Lorem Ipsum is that it has a more-or-less normal distribution of letters, as opposed to using ''Content here, content here'', making it look like readable English. Many desktop publishing packages and web page editors now use Lorem Ipsum as their default model text, and a search for ''lorem ipsum'' will uncover many web sites still in their infancy. Various versions have evolved over the years, sometimes by accident, sometimes on purpose (injected humour and the like)', 20, N'/upload/blog_images/be43d7e3-c034-40de-9554-959cfe42d892th_MChQhSrVtKSxSXM1c3PoDNa4CRHYeAq1.png', '2019-08-09 15:17:29.690', 4)
INSERT dbo.Article(Id, Name, Description, SubCategoryID, ImageLink, Date, Raiting) VALUES (4035, N'Where does it come from?', N'Contrary to popular belief, Lorem Ipsum is not simply random text. It has roots in a piece of classical Latin literature from 45 BC, making it over 2000 years old. Richard McClintock, a Latin professor at Hampden-Sydney College in Virginia, looked up one of the more obscure Latin words, consectetur, from a Lorem Ipsum passage, and going through the cites of the word in classical literature, discovered the undoubtable source. Lorem Ipsum comes from sections 1.10.32 and 1.10.33 of "de Finibus Bonorum et Malorum" (The Extremes of Good and Evil) by Cicero, written in 45 BC. This book is a treatise on the theory of ethics, very popular during the Renaissance. The first line of Lorem Ipsum, "Lorem ipsum dolor sit amet..", comes from a line in section', 20, N'/upload/blog_images/039f6957-3729-4eed-8b08-031b1b685868MdTWrL2wFzMrxQ5nT9CM2MZYnJ1nMBIz.png', '2019-08-09 15:18:43.527', 5)
INSERT dbo.Article(Id, Name, Description, SubCategoryID, ImageLink, Date, Raiting) VALUES (4036, N'Where can I get some?', N'There are many variations of passages of Lorem Ipsum available, but the majority have suffered alteration in some form, by injected humour, or randomised words which don''t look even slightly believable. If you are going to use a passage of Lorem Ipsum, you need to be sure there isn''t anything embarrassing hidden in the middle of text. All the Lorem Ipsum generators on the Internet tend to repeat predefined chunks as necessary, making this the first true generator on the Internet. It uses a dictionary of over 200 Latin words, combined with a handful of model sentence structures, to generate Lorem Ipsum which looks reasonable. The generated Lorem Ipsum is therefore always free from repetition, injected humour, or non-characteristic words etc', 23, N'/upload/blog_images/d6217743-5b36-47b2-834c-e282fbfe70cas5dBTFldt5SIDqkq3veO3ZC6sLIYye01.png', '2019-08-09 15:19:16.030', 5)
INSERT dbo.Article(Id, Name, Description, SubCategoryID, ImageLink, Date, Raiting) VALUES (4037, N'What is Lorem Ipsum?', N'Lorem Ipsum is simply dummy text of the printing and typesetting industry. Lorem Ipsum has been the industry''s standard dummy text ever since the 1500s, when an unknown printer took a galley of type and scrambled it to make a type specimen book. It has survived not only five centuries, but also the leap into electronic typesetting, remaining essentially unchanged. It was popularised in the 1960s with the release of Letraset sheets containing Lorem Ipsum passages, and more recently with desktop publishing software like Aldus PageMaker including versions of Lorem Ipsum', 25, N'/upload/blog_images/11fae5c0-87ca-43d9-b209-206c5addff50XZAwB0pCnjsQ33NdmB2u5we4bCoD063X.png', '2019-08-09 15:19:44.623', 5)
INSERT dbo.Article(Id, Name, Description, SubCategoryID, ImageLink, Date, Raiting) VALUES (4038, N'Why do we use it?', N'It is a long established fact that a reader will be distracted by the readable content of a page when looking at its layout. The point of using Lorem Ipsum is that it has a more-or-less normal distribution of letters, as opposed to using ''Content here, content here'', making it look like readable English. Many desktop publishing packages and web page editors now use Lorem Ipsum as their default model text, and a search for ''lorem ipsum'' will uncover many web sites still in their infancy. Various versions have evolved over the years, sometimes by accident, sometimes on purpose (injected humour and the like)', 27, N'/upload/blog_images/6e5f166c-b53e-449c-805f-ca09c899f884th_qLgFkHYd5UFmnqnGzGXJbpGe9wYJohmO.png', '2019-08-09 15:20:21.967', 5)
GO
SET IDENTITY_INSERT dbo.Article OFF
GO
-- 
-- Dumping data for table ArticleDetail
--
PRINT (N'Dumping data for table ArticleDetail')
SET IDENTITY_INSERT dbo.ArticleDetail ON
GO
EXEC(N'INSERT dbo.ArticleDetail(id, Text, ArticleID, Image, [Like], Unlike, Description, Date, Name) VALUES (4024, N''<div class="w3-container"><header><h1 class="w3-center">Bootstrap Studio</h1><p class="w3-center">Getting Started Guide</p></header><hr/><p>This is a quick tutorial that will explain the basics about designing websites with Bootstrap Studio. <br/>We have an entire collection of guides in the Help menu above, and also on our website.</p><hr/><section><h2 class="w3-center">1. The application window</h2><p>The window is divided into three parts. You have two panels on the left - <strong>Components</strong> and <strong>Overview;</strong> two panels on the right - <strong>Settings</strong> and <strong>Design,</strong> and the center area, which holds the <strong>Stage.</strong></p><p>The <strong>Stage</strong> is where you see a preview of the page, drag and drop components and edit text. </p></section><section><h2 class="w3-center">2. Selecting Components</h2><p>Select components by clicking them. Selecting a component shows a blue outline around it, and a bar with quick actions: </p><p>With these actions you can quickly move the item, edit its text and duplicate it. Keep in mind that not all actions are available on every component. For example text editing isn&#39;t shown on images. </p><p>When a component is selected, the <strong>Settings panel</strong> on the right is updated. This is the place where you can modify the styling of the component, control various properties and even create animations. </p><p>There are three tab in the Settings panel - <strong><em>Look and Feel</em></strong>, <strong><em>Options</em></strong> and <strong><em>Animations</em></strong>. The settings that are available in these three tabs give you a great deal of control over the design and behavior of components. But if you need even more control, then writing CSS is for you (see the <em>Help&gt;Tutorials and Guides</em> menu for more). </p><p>If you attempt to select it, you will actually select the <strong>Button</strong> inside it. If you wish to see the options of the <strong>Dropdown,</strong> you need to go one component up. This is easy to do by clicking the &quot;Up&quot; button on the selected component, or the entry in the breadcrumbs bar, displayed at at the top of the <strong>Settings</strong> panel</p></section><section><h2 class="w3-center">3. Editing Text</h2><p>Some elements like paragraphs, spans and buttons can be edited within a rich text editor. You can make text <strong>bold,</strong><em> italic</em>, <span style="text-decoration: underline;">underlined</span>, add <a href="https://bootstrapstudio.io/" target="_blank">links</a> and <span style="text-decoration: line-through;">more</span>. </p><p>Just double click an element to edit its content, or press the pencil button when the component is focused. </p><blockquote><p><strong>Tip:</strong> You can press the <strong>Enter</strong> key while an element is selected to start editing it, <strong>Ctrl+D/Cmd+D</strong> to duplicate and <strong>Delete</strong> to delete it. There is a <a href="https://bootstrapstudio.io/pages/keyboard-shortcuts">list of supported keyboard shortcuts</a> for power users on our website. </p></blockquote></section><section><h2 class="w3-center">4. Drag and Drop</h2><p>When an element is selected, you can grab it by the move handle to drag and drop it into other components.</p><p>Some elements like the <strong>HTML</strong> and <strong>Body</strong> are locked and can&#39;t be moved (you can recognize them by the small padlock in the <strong>Overview</strong> panel). This is done so that you don&#39;t break the page by mistake. </p><p>Bootstrap Studio knows where components can be dropped and automatically adds CSS classes and other attributes that the Bootstrap Framework expects. You don&#39;t even have to think about it. </p><blockquote class="blockquote"><p><strong>Tip:</strong> You can drag from the <strong>Stage</strong> and drop components '
+ N'on the <strong>Overview</strong> panel for greater precision. </p></blockquote></section><section><h2 class="w3-center">5. Components</h2><p>There is a large number of components available to you. You can see them in the <strong>Components</strong> panel&#39;s <strong>Studio</strong> tab. All standard Bootstrap components are supported, and even basic HTML elements like <strong>span</strong>, <strong>div</strong>, <strong>section</strong> and more. </p><p>Components are organized into collapsible groups - <em>Text</em>, <em>Image</em>, <em>Forms</em> etc. You also have a special &quot;<em>User</em>&quot; group, where you can place components which you create yourself. This is a good way to extract pieces of your designs which you need often. We will cover this in the <em>Help&gt;Tutorials and Guides&gt;Custom Components</em> tutorial. </p><p>The <strong>Online</strong> tab holds a large number of community contributed components like headers, footers, pricing tables and more, which you can search and install. </p></section><section><h2 class="w3-center">6. Opening and Saving</h2><p>The documents that you create in Bootstrap Studio are called <strong>Designs.</strong> You can open them and save them as files with the <strong>.bsdesign</strong> extension. </p><p>Double clicking one of these files in your file manager will open them in Bootstrap Studio. You can duplicate designs and work on multiple versions at once. </p></section><section><h2 class="w3-center">You&#39;re ready to rock and roll!</h2><p>You now know enough to create your first webpage! There are quite a few powerful features that we haven&#39;t mentioned. You can learn about them by checking the tutorials in the <strong>Help menu</strong> or by visiting the <strong>Forum</strong>. Have fun! </p></section><hr/></div>'', 4025, N''/upload/blog_images/a246e410-eb76-4aa2-98ce-aeb4c6336f99MdTWrL2wFzMrxQ5nT9CM2MZYnJ1nMBIz.png'', 5, 2, N''Lorem Ipsum is simply dummy text of the printing and typesetting industry. Lorem Ipsum has been the industry''''s standard dummy text ever since the 1500s, when an unknown printer took a galley of type and scrambled it to make a type specimen book. It has survived not only five centuries, but also the leap into electronic typesetting, remaining essentially unchanged. It was popularised in the 1960s with the release of Letraset sheets containing Lorem Ipsum passages, and more recently with desktop publishing software like Aldus PageMaker including versions of Lorem Ipsum.'', ''2019-08-09 14:40:44.440'', N''What is Lorem Ipsum?'')')
EXEC(N'INSERT dbo.ArticleDetail(id, Text, ArticleID, Image, [Like], Unlike, Description, Date, Name) VALUES (4025, N''<div class="w3-container"><header><h1 class="w3-center">Bootstrap Studio</h1><p class="w3-center">Getting Started Guide</p></header><hr/><p>This is a quick tutorial that will explain the basics about designing websites with Bootstrap Studio. <br/>We have an entire collection of guides in the Help menu above, and also on our website.</p><hr/><section><h2 class="w3-center">1. The application window</h2><p>The window is divided into three parts. You have two panels on the left - <strong>Components</strong> and <strong>Overview;</strong> two panels on the right - <strong>Settings</strong> and <strong>Design,</strong> and the center area, which holds the <strong>Stage.</strong></p><p>The <strong>Stage</strong> is where you see a preview of the page, drag and drop components and edit text. </p></section><section><h2 class="w3-center">2. Selecting Components</h2><p>Select components by clicking them. Selecting a component shows a blue outline around it, and a bar with quick actions: </p><p>With these actions you can quickly move the item, edit its text and duplicate it. Keep in mind that not all actions are available on every component. For example text editing isn&#39;t shown on images. </p><p>When a component is selected, the <strong>Settings panel</strong> on the right is updated. This is the place where you can modify the styling of the component, control various properties and even create animations. </p><p>There are three tab in the Settings panel - <strong><em>Look and Feel</em></strong>, <strong><em>Options</em></strong> and <strong><em>Animations</em></strong>. The settings that are available in these three tabs give you a great deal of control over the design and behavior of components. But if you need even more control, then writing CSS is for you (see the <em>Help&gt;Tutorials and Guides</em> menu for more). </p><p>If you attempt to select it, you will actually select the <strong>Button</strong> inside it. If you wish to see the options of the <strong>Dropdown,</strong> you need to go one component up. This is easy to do by clicking the &quot;Up&quot; button on the selected component, or the entry in the breadcrumbs bar, displayed at at the top of the <strong>Settings</strong> panel</p></section><section><h2 class="w3-center">3. Editing Text</h2><p>Some elements like paragraphs, spans and buttons can be edited within a rich text editor. You can make text <strong>bold,</strong><em> italic</em>, <span style="text-decoration: underline;">underlined</span>, add <a href="https://bootstrapstudio.io/" target="_blank">links</a> and <span style="text-decoration: line-through;">more</span>. </p><p>Just double click an element to edit its content, or press the pencil button when the component is focused. </p><blockquote><p><strong>Tip:</strong> You can press the <strong>Enter</strong> key while an element is selected to start editing it, <strong>Ctrl+D/Cmd+D</strong> to duplicate and <strong>Delete</strong> to delete it. There is a <a href="https://bootstrapstudio.io/pages/keyboard-shortcuts">list of supported keyboard shortcuts</a> for power users on our website. </p></blockquote></section><section><h2 class="w3-center">4. Drag and Drop</h2><p>When an element is selected, you can grab it by the move handle to drag and drop it into other components.</p><p>Some elements like the <strong>HTML</strong> and <strong>Body</strong> are locked and can&#39;t be moved (you can recognize them by the small padlock in the <strong>Overview</strong> panel). This is done so that you don&#39;t break the page by mistake. </p><p>Bootstrap Studio knows where components can be dropped and automatically adds CSS classes and other attributes that the Bootstrap Framework expects. You don&#39;t even have to think about it. </p><blockquote class="blockquote"><p><strong>Tip:</strong> You can drag from the <strong>Stage</strong> and drop components '
+ N'on the <strong>Overview</strong> panel for greater precision. </p></blockquote></section><section><h2 class="w3-center">5. Components</h2><p>There is a large number of components available to you. You can see them in the <strong>Components</strong> panel&#39;s <strong>Studio</strong> tab. All standard Bootstrap components are supported, and even basic HTML elements like <strong>span</strong>, <strong>div</strong>, <strong>section</strong> and more. </p><p>Components are organized into collapsible groups - <em>Text</em>, <em>Image</em>, <em>Forms</em> etc. You also have a special &quot;<em>User</em>&quot; group, where you can place components which you create yourself. This is a good way to extract pieces of your designs which you need often. We will cover this in the <em>Help&gt;Tutorials and Guides&gt;Custom Components</em> tutorial. </p><p>The <strong>Online</strong> tab holds a large number of community contributed components like headers, footers, pricing tables and more, which you can search and install. </p></section><section><h2 class="w3-center">6. Opening and Saving</h2><p>The documents that you create in Bootstrap Studio are called <strong>Designs.</strong> You can open them and save them as files with the <strong>.bsdesign</strong> extension. </p><p>Double clicking one of these files in your file manager will open them in Bootstrap Studio. You can duplicate designs and work on multiple versions at once. </p></section><section><h2 class="w3-center">You&#39;re ready to rock and roll!</h2><p>You now know enough to create your first webpage! There are quite a few powerful features that we haven&#39;t mentioned. You can learn about them by checking the tutorials in the <strong>Help menu</strong> or by visiting the <strong>Forum</strong>. Have fun! </p></section><hr/></div>'', 4026, N''/upload/blog_images/7109a9c0-2b9f-4bff-a085-0a8147b7eedcth_qLgFkHYd5UFmnqnGzGXJbpGe9wYJohmO.png'', NULL, NULL, N''It is a long established fact that a reader will be distracted by the readable content of a page when looking at its layout. The point of using Lorem Ipsum is that it has a more-or-less normal distribution of letters, as opposed to using ''''Content here, content here'''', making it look like readable English. Many desktop publishing packages and web page editors now use Lorem Ipsum as their default model text, and a search for ''''lorem ipsum'''' will uncover many web sites still in their infancy. Various versions have evolved over the years, sometimes by accident, sometimes on purpose (injected humour and the like)'', ''2019-08-09 14:53:34.070'', N''Why do we use it?'')')
INSERT dbo.ArticleDetail(id, Text, ArticleID, Image, [Like], Unlike, Description, Date, Name) VALUES (4026, N'<div class="w3-container"><header><h1 class="w3-center">Bootstrap Studio</h1><p class="w3-center">Getting Started Guide</p></header><hr/><p>This is a quick tutorial that will explain the basics about designing websites with Bootstrap Studio. <br/>We have an entire collection of guides in the Help menu above, and also on our website.</p><hr/><section><h2 class="w3-center">1. The application window</h2><p>The window is divided into three parts. You have two panels on the left - <strong>Components</strong> and <strong>Overview;</strong> two panels on the right - <strong>Settings</strong> and <strong>Design,</strong> and the center area, which holds the <strong>Stage.</strong></p><p>The <strong>Stage</strong> is where you see a preview of the page, drag and drop components and edit text. </p></section><section><h2 class="w3-center">2. Selecting Components</h2><p>Select components by clicking them. Selecting a component shows a blue outline around it, and a bar with quick actions: </p><p>With these actions you can', 4027, N'/upload/blog_images/dabd4e8e-68f0-48b4-a30e-7ea65bcd16f5th_cHStzjp24iAWfmYspNR2B27eTOc8oC9B.png', NULL, NULL, N'Contrary to popular belief, Lorem Ipsum is not simply random text. It has roots in a piece of classical Latin literature from 45 BC, making it over 2000 years old. Richard McClintock, a Latin professor at Hampden-Sydney College in Virginia, looked up one of the more obscure Latin words, consectetur, from a Lorem Ipsum passage, and going through the cites of the word in classical literature, discovered the undoubtable source. Lorem Ipsum comes from sections 1.10.32 and 1.10.33 of "de Finibus Bonorum et Malorum" (The Extremes of Good and Evil) by Cicero, written in 45 BC. This book is a treatise on the theory of ethics, very popular during the Renaissance. The first line of Lorem Ipsum, "Lorem ipsum dolor sit amet..", comes from a line in section', '2019-08-09 15:09:34.407', N'Where does it come from?')
INSERT dbo.ArticleDetail(id, Text, ArticleID, Image, [Like], Unlike, Description, Date, Name) VALUES (4027, N'<div class="w3-container"><header><h1 class="w3-center">Bootstrap Studio</h1><p class="w3-center">Getting Started Guide</p></header><hr/><p>This is a quick tutorial that will explain the basics about designing websites with Bootstrap Studio. <br/>We have an entire collection of guides in the Help menu above, and also on our website.</p><hr/><section><h2 class="w3-center">1. The application window</h2><p>The window is divided into three parts. You have two panels on the left - <strong>Components</strong> and <strong>Overview;</strong> two panels on the right - <strong>Settings</strong> and <strong>Design,</strong> and the center area, which holds the <strong>Stage.</strong></p><p>The <strong>Stage</strong> is where you see a preview of the page, drag and drop components and edit text. </p></section><section><h2 class="w3-center">2. Selecting Components</h2><p>Select components by clicking them. Selecting a component shows a blue outline around it, and a bar with quick actions: </p><p>With these actions you can', 4028, N'/upload/blog_images/9beafed7-af11-49e9-bd3a-5dedd79b3264th_S9RzK6epPnV2ZwnZIdo5wOGT4rhmkbIc.png', 3, 7, N'There are many variations of passages of Lorem Ipsum available, but the majority have suffered alteration in some form, by injected humour, or randomised words which don''t look even slightly believable. If you are going to use a passage of Lorem Ipsum, you need to be sure there isn''t anything embarrassing hidden in the middle of text. All the Lorem Ipsum generators on the Internet tend to repeat predefined chunks as necessary, making this the first true generator on the Internet. It uses a dictionary of over 200 Latin words, combined with a handful of model sentence structures, to generate Lorem Ipsum which looks reasonable. The generated Lorem Ipsum is therefore always free from repetition, injected humour, or non-characteristic words etc', '2019-08-09 15:10:23.257', N'Where can I get some?')
INSERT dbo.ArticleDetail(id, Text, ArticleID, Image, [Like], Unlike, Description, Date, Name) VALUES (4028, N'<div class="w3-container"><header><h1 class="w3-center">Bootstrap Studio</h1><p class="w3-center">Getting Started Guide</p></header><hr/><p>This is a quick tutorial that will explain the basics about designing websites with Bootstrap Studio. <br/>We have an entire collection of guides in the Help menu above, and also on our website.</p><hr/><section><h2 class="w3-center">1. The application window</h2><p>The window is divided into three parts. You have two panels on the left - <strong>Components</strong> and <strong>Overview;</strong> two panels on the right - <strong>Settings</strong> and <strong>Design,</strong> and the center area, which holds the <strong>Stage.</strong></p><p>The <strong>Stage</strong> is where you see a preview of the page, drag and drop components and edit text. </p></section><section><h2 class="w3-center">2. Selecting Components</h2><p>Select components by clicking them. Selecting a component shows a blue outline around it, and a bar with quick actions: </p><p>With these actions you can', 4029, N'/upload/blog_images/8cdbfcf2-bdb3-4047-b179-e05029feffb3th_XSOGSftcYi7AEPJjMkMYbdskPF0K9Rf6.png', 9, 2, N'Lorem Ipsum is simply dummy text of the printing and typesetting industry. Lorem Ipsum has been the industry''s standard dummy text ever since the 1500s, when an unknown printer took a galley of type and scrambled it to make a type specimen book. It has survived not only five centuries, but also the leap into electronic typesetting, remaining essentially unchanged. It was popularised in the 1960s with the release of Letraset sheets containing Lorem Ipsum passages, and more recently with desktop publishing software like Aldus PageMaker including versions of Lorem Ipsum.', '2019-08-09 15:11:08.513', N'What is Lorem Ipsum?')
INSERT dbo.ArticleDetail(id, Text, ArticleID, Image, [Like], Unlike, Description, Date, Name) VALUES (4029, N'<div class="w3-container"><header><h1 class="w3-center">Bootstrap Studio</h1><p class="w3-center">Getting Started Guide</p></header><hr/><p>This is a quick tutorial that will explain the basics about designing websites with Bootstrap Studio. <br/>We have an entire collection of guides in the Help menu above, and also on our website.</p><hr/><section><h2 class="w3-center">1. The application window</h2><p>The window is divided into three parts. You have two panels on the left - <strong>Components</strong> and <strong>Overview;</strong> two panels on the right - <strong>Settings</strong> and <strong>Design,</strong> and the center area, which holds the <strong>Stage.</strong></p><p>The <strong>Stage</strong> is where you see a preview of the page, drag and drop components and edit text. </p></section><section><h2 class="w3-center">2. Selecting Components</h2><p>Select components by clicking them. Selecting a component shows a blue outline around it, and a bar with quick actions: </p><p>With these actions you can', 4030, N'/upload/blog_images/865702eb-c7aa-4fff-8490-cf5799f1ea13th_z2t6eLzAX3VTcBBj7ojTkTWlUaiiludV.png', 2, 8, N'It is a long established fact that a reader will be distracted by the readable content of a page when looking at its layout. The point of using Lorem Ipsum is that it has a more-or-less normal distribution of letters, as opposed to using ''Content here, content here'', making it look like readable English. Many desktop publishing packages and web page editors now use Lorem Ipsum as their default model text, and a search for ''lorem ipsum'' will uncover many web sites still in their infancy. Various versions have evolved over the years, sometimes by accident, sometimes on purpose (injected humour and the like)', '2019-08-09 15:11:56.897', N'Why do we use it?')
INSERT dbo.ArticleDetail(id, Text, ArticleID, Image, [Like], Unlike, Description, Date, Name) VALUES (4030, N'<div class="w3-container"><header><h1 class="w3-center">Bootstrap Studio</h1><p class="w3-center">Getting Started Guide</p></header><hr/><p>This is a quick tutorial that will explain the basics about designing websites with Bootstrap Studio. <br/>We have an entire collection of guides in the Help menu above, and also on our website.</p><hr/><section><h2 class="w3-center">1. The application window</h2><p>The window is divided into three parts. You have two panels on the left - <strong>Components</strong> and <strong>Overview;</strong> two panels on the right - <strong>Settings</strong> and <strong>Design,</strong> and the center area, which holds the <strong>Stage.</strong></p><p>The <strong>Stage</strong> is where you see a preview of the page, drag and drop components and edit text. </p></section><section><h2 class="w3-center">2. Selecting Components</h2><p>Select components by clicking them. Selecting a component shows a blue outline around it, and a bar with quick actions: </p><p>With these actions you can', 4031, N'/upload/blog_images/efa3f8a5-5817-4618-b830-e539829edcd1th_tNxkMH96TXtm3nOCovqCcpUgoNTIF3V8.png', 8, 3, N'Contrary to popular belief, Lorem Ipsum is not simply random text. It has roots in a piece of classical Latin literature from 45 BC, making it over 2000 years old. Richard McClintock, a Latin professor at Hampden-Sydney College in Virginia, looked up one of the more obscure Latin words, consectetur, from a Lorem Ipsum passage, and going through the cites of the word in classical literature, discovered the undoubtable source. Lorem Ipsum comes from sections 1.10.32 and 1.10.33 of "de Finibus Bonorum et Malorum" (The Extremes of Good and Evil) by Cicero, written in 45 BC. This book is a treatise on the theory of ethics, very popular during the Renaissance. The first line of Lorem Ipsum, "Lorem ipsum dolor sit amet..", comes from a line', '2019-08-09 15:14:49.953', N'Where does it come from?')
INSERT dbo.ArticleDetail(id, Text, ArticleID, Image, [Like], Unlike, Description, Date, Name) VALUES (4031, N'<div class="w3-container"><header><h1 class="w3-center">Bootstrap Studio</h1><p class="w3-center">Getting Started Guide</p></header><hr/><p>This is a quick tutorial that will explain the basics about designing websites with Bootstrap Studio. <br/>We have an entire collection of guides in the Help menu above, and also on our website.</p><hr/><section><h2 class="w3-center">1. The application window</h2><p>The window is divided into three parts. You have two panels on the left - <strong>Components</strong> and <strong>Overview;</strong> two panels on the right - <strong>Settings</strong> and <strong>Design,</strong> and the center area, which holds the <strong>Stage.</strong></p><p>The <strong>Stage</strong> is where you see a preview of the page, drag and drop components and edit text. </p></section><section><h2 class="w3-center">2. Selecting Components</h2><p>Select components by clicking them. Selecting a component shows a blue outline around it, and a bar with quick actions: </p><p>With these actions you can', 4032, N'/upload/blog_images/ea3f681d-2915-4f08-9759-509e5068d0eeth_1cOFkwwZpOUsDFy14woPvh7N19gp3D94.png', 4, NULL, N'There are many variations of passages of Lorem Ipsum available, but the majority have suffered alteration in some form, by injected humour, or randomised words which don''t look even slightly believable. If you are going to use a passage of Lorem Ipsum, you need to be sure there isn''t anything embarrassing hidden in the middle of text. All the Lorem Ipsum generators on the Internet tend to repeat predefined chunks as necessary, making this the first true generator on the Internet. It uses a dictionary of over 200 Latin words, combined with a handful of model sentence structures, to generate Lorem Ipsum which looks reasonable. The generated Lorem Ipsum is therefore always free from repetition, injected humour, or non-characteristic words etc', '2019-08-09 15:15:24.567', N'Where can I get some?')
INSERT dbo.ArticleDetail(id, Text, ArticleID, Image, [Like], Unlike, Description, Date, Name) VALUES (4032, N'<div class="w3-container"><header><h1 class="w3-center">Bootstrap Studio</h1><p class="w3-center">Getting Started Guide</p></header><hr/><p>This is a quick tutorial that will explain the basics about designing websites with Bootstrap Studio. <br/>We have an entire collection of guides in the Help menu above, and also on our website.</p><hr/><section><h2 class="w3-center">1. The application window</h2><p>The window is divided into three parts. You have two panels on the left - <strong>Components</strong> and <strong>Overview;</strong> two panels on the right - <strong>Settings</strong> and <strong>Design,</strong> and the center area, which holds the <strong>Stage.</strong></p><p>The <strong>Stage</strong> is where you see a preview of the page, drag and drop components and edit text. </p></section><section><h2 class="w3-center">2. Selecting Components</h2><p>Select components by clicking them. Selecting a component shows a blue outline around it, and a bar with quick actions: </p><p>With these actions you can', 4033, N'/upload/blog_images/eafed9ee-0b39-4bab-92f6-211c0b448d18th_3DuoksBpnhLKH9rgPoZ0NGeXccGAu2px.png', NULL, NULL, N'Lorem Ipsum is simply dummy text of the printing and typesetting industry. Lorem Ipsum has been the industry''s standard dummy text ever since the 1500s, when an unknown printer took a galley of type and scrambled it to make a type specimen book. It has survived not only five centuries, but also the leap into electronic typesetting, remaining essentially unchanged. It was popularised in the 1960s with the release of Letraset sheets containing Lorem Ipsum passages, and more recently with desktop publishing software like Aldus PageMaker including versions of Lorem Ipsum', '2019-08-09 15:16:56.217', N'What is Lorem Ipsum?')
INSERT dbo.ArticleDetail(id, Text, ArticleID, Image, [Like], Unlike, Description, Date, Name) VALUES (4033, N'<div class="w3-container"><header><h1 class="w3-center">Bootstrap Studio</h1><p class="w3-center">Getting Started Guide</p></header><hr/><p>This is a quick tutorial that will explain the basics about designing websites with Bootstrap Studio. <br/>We have an entire collection of guides in the Help menu above, and also on our website.</p><hr/><section><h2 class="w3-center">1. The application window</h2><p>The window is divided into three parts. You have two panels on the left - <strong>Components</strong> and <strong>Overview;</strong> two panels on the right - <strong>Settings</strong> and <strong>Design,</strong> and the center area, which holds the <strong>Stage.</strong></p><p>The <strong>Stage</strong> is where you see a preview of the page, drag and drop components and edit text. </p></section><section><h2 class="w3-center">2. Selecting Components</h2><p>Select components by clicking them. Selecting a component shows a blue outline around it, and a bar with quick actions: </p><p>With these actions you can', 4034, N'/upload/blog_images/be43d7e3-c034-40de-9554-959cfe42d892th_MChQhSrVtKSxSXM1c3PoDNa4CRHYeAq1.png', 2, NULL, N'It is a long established fact that a reader will be distracted by the readable content of a page when looking at its layout. The point of using Lorem Ipsum is that it has a more-or-less normal distribution of letters, as opposed to using ''Content here, content here'', making it look like readable English. Many desktop publishing packages and web page editors now use Lorem Ipsum as their default model text, and a search for ''lorem ipsum'' will uncover many web sites still in their infancy. Various versions have evolved over the years, sometimes by accident, sometimes on purpose (injected humour and the like)', '2019-08-09 15:17:29.693', N'Why do we use it?')
INSERT dbo.ArticleDetail(id, Text, ArticleID, Image, [Like], Unlike, Description, Date, Name) VALUES (4034, N'<div class="w3-container"><header><h1 class="w3-center">Bootstrap Studio</h1><p class="w3-center">Getting Started Guide</p></header><hr/><p>This is a quick tutorial that will explain the basics about designing websites with Bootstrap Studio. <br/>We have an entire collection of guides in the Help menu above, and also on our website.</p><hr/><section><h2 class="w3-center">1. The application window</h2><p>The window is divided into three parts. You have two panels on the left - <strong>Components</strong> and <strong>Overview;</strong> two panels on the right - <strong>Settings</strong> and <strong>Design,</strong> and the center area, which holds the <strong>Stage.</strong></p><p>The <strong>Stage</strong> is where you see a preview of the page, drag and drop components and edit text. </p></section><section><h2 class="w3-center">2. Selecting Components</h2><p>Select components by clicking them. Selecting a component shows a blue outline around it, and a bar with quick actions: </p><p>With these actions you can', 4035, N'/upload/blog_images/039f6957-3729-4eed-8b08-031b1b685868MdTWrL2wFzMrxQ5nT9CM2MZYnJ1nMBIz.png', NULL, NULL, N'Contrary to popular belief, Lorem Ipsum is not simply random text. It has roots in a piece of classical Latin literature from 45 BC, making it over 2000 years old. Richard McClintock, a Latin professor at Hampden-Sydney College in Virginia, looked up one of the more obscure Latin words, consectetur, from a Lorem Ipsum passage, and going through the cites of the word in classical literature, discovered the undoubtable source. Lorem Ipsum comes from sections 1.10.32 and 1.10.33 of "de Finibus Bonorum et Malorum" (The Extremes of Good and Evil) by Cicero, written in 45 BC. This book is a treatise on the theory of ethics, very popular during the Renaissance. The first line of Lorem Ipsum, "Lorem ipsum dolor sit amet..", comes from a line in section', '2019-08-09 15:18:43.533', N'Where does it come from?')
INSERT dbo.ArticleDetail(id, Text, ArticleID, Image, [Like], Unlike, Description, Date, Name) VALUES (4035, N'<div class="w3-container"><header><h1 class="w3-center">Bootstrap Studio</h1><p class="w3-center">Getting Started Guide</p></header><hr/><p>This is a quick tutorial that will explain the basics about designing websites with Bootstrap Studio. <br/>We have an entire collection of guides in the Help menu above, and also on our website.</p><hr/><section><h2 class="w3-center">1. The application window</h2><p>The window is divided into three parts. You have two panels on the left - <strong>Components</strong> and <strong>Overview;</strong> two panels on the right - <strong>Settings</strong> and <strong>Design,</strong> and the center area, which holds the <strong>Stage.</strong></p><p>The <strong>Stage</strong> is where you see a preview of the page, drag and drop components and edit text. </p></section><section><h2 class="w3-center">2. Selecting Components</h2><p>Select components by clicking them. Selecting a component shows a blue outline around it, and a bar with quick actions: </p><p>With these actions you can', 4036, N'/upload/blog_images/d6217743-5b36-47b2-834c-e282fbfe70cas5dBTFldt5SIDqkq3veO3ZC6sLIYye01.png', 3, 2, N'There are many variations of passages of Lorem Ipsum available, but the majority have suffered alteration in some form, by injected humour, or randomised words which don''t look even slightly believable. If you are going to use a passage of Lorem Ipsum, you need to be sure there isn''t anything embarrassing hidden in the middle of text. All the Lorem Ipsum generators on the Internet tend to repeat predefined chunks as necessary, making this the first true generator on the Internet. It uses a dictionary of over 200 Latin words, combined with a handful of model sentence structures, to generate Lorem Ipsum which looks reasonable. The generated Lorem Ipsum is therefore always free from repetition, injected humour, or non-characteristic words etc', '2019-08-09 15:19:16.037', N'Where can I get some?')
INSERT dbo.ArticleDetail(id, Text, ArticleID, Image, [Like], Unlike, Description, Date, Name) VALUES (4036, N'<div class="w3-container"><header><h1 class="w3-center">Bootstrap Studio</h1><p class="w3-center">Getting Started Guide</p></header><hr/><p>This is a quick tutorial that will explain the basics about designing websites with Bootstrap Studio. <br/>We have an entire collection of guides in the Help menu above, and also on our website.</p><hr/><section><h2 class="w3-center">1. The application window</h2><p>The window is divided into three parts. You have two panels on the left - <strong>Components</strong> and <strong>Overview;</strong> two panels on the right - <strong>Settings</strong> and <strong>Design,</strong> and the center area, which holds the <strong>Stage.</strong></p><p>The <strong>Stage</strong> is where you see a preview of the page, drag and drop components and edit text. </p></section><section><h2 class="w3-center">2. Selecting Components</h2><p>Select components by clicking them. Selecting a component shows a blue outline around it, and a bar with quick actions: </p><p>With these actions you can', 4037, N'/upload/blog_images/11fae5c0-87ca-43d9-b209-206c5addff50XZAwB0pCnjsQ33NdmB2u5we4bCoD063X.png', 4, 2, N'Lorem Ipsum is simply dummy text of the printing and typesetting industry. Lorem Ipsum has been the industry''s standard dummy text ever since the 1500s, when an unknown printer took a galley of type and scrambled it to make a type specimen book. It has survived not only five centuries, but also the leap into electronic typesetting, remaining essentially unchanged. It was popularised in the 1960s with the release of Letraset sheets containing Lorem Ipsum passages, and more recently with desktop publishing software like Aldus PageMaker including versions of Lorem Ipsum', '2019-08-09 15:19:44.627', N'What is Lorem Ipsum?')
INSERT dbo.ArticleDetail(id, Text, ArticleID, Image, [Like], Unlike, Description, Date, Name) VALUES (4037, N'<div class="w3-container"><header><h1 class="w3-center">Bootstrap Studio</h1><p class="w3-center">Getting Started Guide</p></header><hr/><p>This is a quick tutorial that will explain the basics about designing websites with Bootstrap Studio. <br/>We have an entire collection of guides in the Help menu above, and also on our website.</p><hr/><section><h2 class="w3-center">1. The application window</h2><p>The window is divided into three parts. You have two panels on the left - <strong>Components</strong> and <strong>Overview;</strong> two panels on the right - <strong>Settings</strong> and <strong>Design,</strong> and the center area, which holds the <strong>Stage.</strong></p><p>The <strong>Stage</strong> is where you see a preview of the page, drag and drop components and edit text. </p></section><section><h2 class="w3-center">2. Selecting Components</h2><p>Select components by clicking them. Selecting a component shows a blue outline around it, and a bar with quick actions: </p><p>With these actions you can', 4038, N'/upload/blog_images/6e5f166c-b53e-449c-805f-ca09c899f884th_qLgFkHYd5UFmnqnGzGXJbpGe9wYJohmO.png', 6, 3, N'It is a long established fact that a reader will be distracted by the readable content of a page when looking at its layout. The point of using Lorem Ipsum is that it has a more-or-less normal distribution of letters, as opposed to using ''Content here, content here'', making it look like readable English. Many desktop publishing packages and web page editors now use Lorem Ipsum as their default model text, and a search for ''lorem ipsum'' will uncover many web sites still in their infancy. Various versions have evolved over the years, sometimes by accident, sometimes on purpose (injected humour and the like)', '2019-08-09 15:20:21.973', N'Why do we use it?')
GO
SET IDENTITY_INSERT dbo.ArticleDetail OFF
GO
-- 
-- Dumping data for table Author
--
PRINT (N'Dumping data for table Author')
-- Table Blog.dbo.Author does not contain any data (it is empty)
-- 
-- Dumping data for table Comment
--
PRINT (N'Dumping data for table Comment')
SET IDENTITY_INSERT dbo.Comment ON
GO
INSERT dbo.Comment(id, Message, Date, ArticleDeatilID, UserName, UserID, UserEmail, [Like], Unlike, LinkToFile) VALUES (6055, N'He likes participating in class activities', '2019-08-09 15:25:42.043', 4037, N'user', N'fe990b42-d422-4c1d-84e5-d3a561269f7a', N'user@user.com', NULL, 3, NULL)
INSERT dbo.Comment(id, Message, Date, ArticleDeatilID, UserName, UserID, UserEmail, [Like], Unlike, LinkToFile) VALUES (6056, N'Learning new words through reading is a skill that he is showing improvement at', '2019-08-09 15:25:58.443', 4037, N'user', N'fe990b42-d422-4c1d-84e5-d3a561269f7a', N'user@user.com', NULL, 2, NULL)
INSERT dbo.Comment(id, Message, Date, ArticleDeatilID, UserName, UserID, UserEmail, [Like], Unlike, LinkToFile) VALUES (6057, N'He is able to repeat the teacher''s pronunciation of new words very well', '2019-08-09 15:26:37.273', 4036, N'user', N'fe990b42-d422-4c1d-84e5-d3a561269f7a', N'user@user.com', NULL, NULL, NULL)
INSERT dbo.Comment(id, Message, Date, ArticleDeatilID, UserName, UserID, UserEmail, [Like], Unlike, LinkToFile) VALUES (6058, N'He always makes the best attempt he can spelling words phonetically when he comes across a difficult word when writing, which is great for his own improvement', '2019-08-09 15:26:50.517', 4036, N'user', N'fe990b42-d422-4c1d-84e5-d3a561269f7a', N'user@user.com', NULL, 4, NULL)
INSERT dbo.Comment(id, Message, Date, ArticleDeatilID, UserName, UserID, UserEmail, [Like], Unlike, LinkToFile) VALUES (6059, N'I think [This student] is a strong learner, so he will improve these skills rapidly through hard work and studying', '2019-08-09 15:27:04.080', 4036, N'user', N'fe990b42-d422-4c1d-84e5-d3a561269f7a', N'user@user.com', NULL, 3, NULL)
INSERT dbo.Comment(id, Message, Date, ArticleDeatilID, UserName, UserID, UserEmail, [Like], Unlike, LinkToFile) VALUES (6060, N'I see him use new words he has learned in class frequently', '2019-08-09 15:27:42.133', 4035, N'user', N'fe990b42-d422-4c1d-84e5-d3a561269f7a', N'user@user.com', NULL, NULL, NULL)
INSERT dbo.Comment(id, Message, Date, ArticleDeatilID, UserName, UserID, UserEmail, [Like], Unlike, LinkToFile) VALUES (6061, N'I''m always happy to see him co-operate with his classmates', '2019-08-09 15:27:53.350', 4035, N'user', N'fe990b42-d422-4c1d-84e5-d3a561269f7a', N'user@user.com', NULL, NULL, NULL)
INSERT dbo.Comment(id, Message, Date, ArticleDeatilID, UserName, UserID, UserEmail, [Like], Unlike, LinkToFile) VALUES (6062, N'His grammar when writing is more diligent than his grammar when speaking, which is expected', '2019-08-09 15:28:06.813', 4035, N'user', N'fe990b42-d422-4c1d-84e5-d3a561269f7a', N'user@user.com', NULL, NULL, NULL)
INSERT dbo.Comment(id, Message, Date, ArticleDeatilID, UserName, UserID, UserEmail, [Like], Unlike, LinkToFile) VALUES (6063, N'[This student] seems to bring a unique energy to my class', '2019-08-09 15:29:00.190', 4034, N'user', N'fe990b42-d422-4c1d-84e5-d3a561269f7a', N'user@user.com', NULL, NULL, NULL)
INSERT dbo.Comment(id, Message, Date, ArticleDeatilID, UserName, UserID, UserEmail, [Like], Unlike, LinkToFile) VALUES (6064, N'I always enjoy to see him determined to do well in class', '2019-08-09 15:29:13.513', 4034, N'user', N'fe990b42-d422-4c1d-84e5-d3a561269f7a', N'user@user.com', NULL, NULL, NULL)
INSERT dbo.Comment(id, Message, Date, ArticleDeatilID, UserName, UserID, UserEmail, [Like], Unlike, LinkToFile) VALUES (6065, N'As long as he is not shy to practice speaking English, his speaking abilities will continue to grow', '2019-08-09 15:29:33.150', 4032, N'user', N'fe990b42-d422-4c1d-84e5-d3a561269f7a', N'user@user.com', NULL, NULL, NULL)
INSERT dbo.Comment(id, Message, Date, ArticleDeatilID, UserName, UserID, UserEmail, [Like], Unlike, LinkToFile) VALUES (6066, N'As long as he is not shy to practice speaking English, his speaking abilities will continue to grow', '2019-08-09 15:29:51.357', 4031, N'user', N'fe990b42-d422-4c1d-84e5-d3a561269f7a', N'user@user.com', NULL, NULL, NULL)
INSERT dbo.Comment(id, Message, Date, ArticleDeatilID, UserName, UserID, UserEmail, [Like], Unlike, LinkToFile) VALUES (6067, N'I am cheering [This student] on to do well in his English studies', '2019-08-09 15:30:01.777', 4031, N'user', N'fe990b42-d422-4c1d-84e5-d3a561269f7a', N'user@user.com', NULL, NULL, NULL)
INSERT dbo.Comment(id, Message, Date, ArticleDeatilID, UserName, UserID, UserEmail, [Like], Unlike, LinkToFile) VALUES (6068, N'His reading is well-paced for his own learning', '2019-08-09 15:30:29.877', 4029, N'user', N'fe990b42-d422-4c1d-84e5-d3a561269f7a', N'user@user.com', NULL, NULL, NULL)
INSERT dbo.Comment(id, Message, Date, ArticleDeatilID, UserName, UserID, UserEmail, [Like], Unlike, LinkToFile) VALUES (6069, N'He seems to really enjoy when he is able to use new words he learned in class', '2019-08-09 15:30:40.347', 4029, N'user', N'fe990b42-d422-4c1d-84e5-d3a561269f7a', N'user@user.com', NULL, NULL, NULL)
INSERT dbo.Comment(id, Message, Date, ArticleDeatilID, UserName, UserID, UserEmail, [Like], Unlike, LinkToFile) VALUES (6070, N'He usually writes carefully and thoughtfully in class to avoid making spelling mistakes', '2019-08-09 15:30:52.067', 4029, N'user', N'fe990b42-d422-4c1d-84e5-d3a561269f7a', N'user@user.com', NULL, NULL, NULL)
INSERT dbo.Comment(id, Message, Date, ArticleDeatilID, UserName, UserID, UserEmail, [Like], Unlike, LinkToFile) VALUES (6071, N'He is being challenged to expand his vocabulary every day', '2019-08-09 15:31:25.910', 4025, N'user', N'fe990b42-d422-4c1d-84e5-d3a561269f7a', N'user@user.com', NULL, NULL, NULL)
INSERT dbo.Comment(id, Message, Date, ArticleDeatilID, UserName, UserID, UserEmail, [Like], Unlike, LinkToFile) VALUES (6072, N'When he practices his reading, he shows a better understanding of the material', '2019-08-09 15:31:38.327', 4025, N'user', N'fe990b42-d422-4c1d-84e5-d3a561269f7a', N'user@user.com', NULL, NULL, NULL)
INSERT dbo.Comment(id, Message, Date, ArticleDeatilID, UserName, UserID, UserEmail, [Like], Unlike, LinkToFile) VALUES (6073, N'He is usually quite cheerful in class', '2019-08-09 15:31:59.627', 4026, N'user', N'fe990b42-d422-4c1d-84e5-d3a561269f7a', N'user@user.com', NULL, NULL, NULL)
INSERT dbo.Comment(id, Message, Date, ArticleDeatilID, UserName, UserID, UserEmail, [Like], Unlike, LinkToFile) VALUES (6074, N'It''s a pleasure when he participates during my lessons', '2019-08-09 15:32:18.267', 4024, N'user', N'fe990b42-d422-4c1d-84e5-d3a561269f7a', N'user@user.com', NULL, NULL, NULL)
INSERT dbo.Comment(id, Message, Date, ArticleDeatilID, UserName, UserID, UserEmail, [Like], Unlike, LinkToFile) VALUES (6075, N'I am excited about [This student]''s potential and I can''t wait to see how he will grow in the future', '2019-08-09 15:32:30.017', 4024, N'user', N'fe990b42-d422-4c1d-84e5-d3a561269f7a', N'user@user.com', NULL, NULL, NULL)
GO
SET IDENTITY_INSERT dbo.Comment OFF
GO
-- 
-- Dumping data for table Download
--
PRINT (N'Dumping data for table Download')
SET IDENTITY_INSERT dbo.Download ON
GO
INSERT dbo.Download(id, Title, Url, ArticleDetailID) VALUES (3006, N'Enterprise Information Managment in Practice', N'/upload/download_files/c5187ada-c9a0-4ebe-8128-2e00ae606d25Enterprise Information Managment in Practice (2015).pdf', 4024)
GO
SET IDENTITY_INSERT dbo.Download OFF
GO
-- 
-- Dumping data for table OuterDownladLink
--
PRINT (N'Dumping data for table OuterDownladLink')
-- Table Blog.dbo.OuterDownladLink does not contain any data (it is empty)
-- 
-- Dumping data for table Video
--
PRINT (N'Dumping data for table Video')
-- Table Blog.dbo.Video does not contain any data (it is empty)
SET NOEXEC OFF
GO